#,PLAYER,GP,MIN,PTS,PPG,APG,RPG,SPG,BPG,FGM,FGA,FG%,3 PM',3PA,3P%,FTM,FTA,FT%,OREB,DREB,REB,AST,STL,BLK,TOV,EFG%,TS%
1,Kareem Abdul-Jabbar,"1,560",57446,38387,24.6,3.6,7.9,0.7,2.0,15837,28307,55.9,1,18,5.6,6712,9304,72.1,2975,9394,17440,5660,1160,3189,2527,55.9,59.2
2,Karl Malone,"1,476",54852,36928,25.0,3.6,10.1,1.4,0.8,13528,26210,51.6,85,310,27.4,9787,13188,74.2,3562,11406,14968,5248,2085,1145,4524,51.8,57.7
3,Kobe Bryant,"1,346",48643,33643,25.0,4.7,5.2,1.4,0.5,11719,26200,44.7,1827,5546,32.9,8378,10011,83.7,1499,5548,7047,6306,1944,640,4010,48.2,55
4,LeBron James,"1,198",46234,32543,27.2,7.2,7.4,1.6,0.8,11838,23478,50.4,1727,5028,34.3,7140,9701,73.6,1443,7437,8880,8662,1937,921,4163,54.1,58.6
5,Michael Jordan,"1,072",41010,32292,30.1,5.3,6.2,2.3,0.8,12192,24537,49.7,581,1778,32.7,7327,8772,83.5,1668,5004,6672,5633,2514,893,2924,50.9,56.9
6,Dirk Nowitzki,"1,522",51367,31560,20.7,2.4,7.5,0.8,0.8,11169,23734,47.1,1982,5210,38,7240,8239,87.9,1468,10021,11489,3651,1210,1281,2494,51.2,57.7
7,Wilt Chamberlain,"1,045",47859,31419,30.1,4.4,0.0,,,12681,23497,54,-,-,-,6057,11862,51.1,-,-,23924,4643,-,-,-,54,54.7
8,Shaquille O'Neal,"1,207",41917,28596,23.7,2.5,10.9,0.6,2.3,11330,19457,58.2,1,22,4.5,5935,11252,52.7,4209,8890,13099,3026,739,2732,3310,58.2,58.6
9,Moses Malone,"1,329",45071,27409,20.6,1.4,12.2,0.8,1.3,9435,19225,49.1,8,80,10,8531,11090,76.9,6731,9481,16212,1796,1089,1733,3804,49.1,56.9
10,Elvin Hayes,"1,303",50000,27313,21.0,1.8,7.5,0.7,1.4,10976,24272,45.2,5,34,14.7,5356,7999,67,2778,6973,16279,2398,864,1771,1358,45.2,49.1
11,Hakeem Olajuwon,"1,238",44218,26946,21.8,2.5,11.1,1.7,3.1,10749,20991,51.2,25,124,20.2,5423,7621,71.2,4034,9714,13748,3058,2162,3830,3667,51.3,55.3
12,Oscar Robertson,"1,040",43886,26710,25.7,9.5,0.3,0.1,0.0,9508,19620,48.5,-,-,-,7694,9185,83.8,71,208,7804,9887,77,4,-,48.5,56.4
13,Dominique Wilkins,"1,074",38115,26668,24.8,2.5,6.7,1.3,0.6,9963,21589,46.1,711,2231,31.9,6031,7438,81.1,2950,4219,7169,2677,1378,642,2669,47.8,53.6
14,Tim Duncan,"1,392",47367,26496,19.0,3.0,10.8,0.7,2.2,10285,20334,50.6,30,168,17.9,5896,8468,69.6,3859,11232,15091,4225,1025,3020,3381,50.7,55.1
15,Paul Pierce,"1,343",45879,26397,19.7,3.5,5.6,1.3,0.6,8668,19465,44.5,2143,5816,36.8,6918,8578,80.6,1092,6435,7527,4708,1752,745,3532,50,56.8
16,John Havlicek,"1,270",46471,26395,20.8,4.8,1.6,0.4,0.1,10513,23930,43.9,-,-,-,5369,6589,81.5,610,1389,8007,6114,476,117,204,43.9,49.2
17,Kevin Garnett,"1,462",50412,26071,17.8,3.7,10.0,1.3,1.4,10505,21142,49.7,174,632,27.5,4887,6190,78.9,3209,11453,14662,5445,1859,2037,3179,50.1,54.6
18,Alex English,"1,193",38063,25613,21.5,3.6,5.5,0.9,0.7,10659,21036,50.7,18,83,21.7,4277,5141,83.2,2778,3760,6538,4351,1067,833,2821,50.7,55
19,Carmelo Anthony,"1,064",38128,25551,24.0,3.0,6.5,1.0,0.5,9137,20361,44.9,1362,3925,34.7,5915,7290,81.1,1818,5120,6938,3165,1081,527,2832,48.2,54.2
20,Vince Carter,"1,481",45494,25430,17.2,3.2,4.4,1.0,0.6,9186,21035,43.7,2229,5966,37.4,4829,6053,79.8,1640,4842,6482,4666,1507,863,2557,49,53.7
21,Reggie Miller,"1,389",47620,25279,18.2,3.0,3.0,1.1,0.2,8241,17499,47.1,2560,6486,39.5,6237,7026,88.8,883,3299,4182,4141,1505,299,2409,54.4,61.4
22,Jerry West,932,36571,25192,27.0,6.7,0.1,0.1,0.0,9016,19032,47.4,-,-,-,7160,8801,81.4,30,86,5376,6238,81,23,-,47.4,55
23,Patrick Ewing,"1,183",40594,24815,21.0,1.9,9.8,1.0,2.4,9702,19241,50.4,19,125,15.2,5392,7289,74,2752,8855,11607,2215,1136,2894,3537,50.5,55.3
24,Ray Allen,"1,300",46350,24505,18.9,3.4,4.1,1.1,0.2,8567,18955,45.2,2973,7429,40,4398,4920,89.4,1230,4042,5272,4361,1451,244,2709,53,58
25,Allen Iverson,914,37582,24368,26.7,6.2,3.7,2.2,0.2,8467,19906,42.5,1059,3383,31.3,6375,8168,78,745,2649,3394,5624,1983,164,3262,45.2,51.8
26,Charles Barkley,"1,073",39331,23757,22.1,3.9,11.7,1.5,0.8,8435,15605,54.1,538,2020,26.6,6349,8643,73.5,4260,8286,12546,4215,1648,888,3376,55.8,61.2
27,Robert Parish,"1,611",45704,23334,14.5,1.4,9.1,0.8,1.5,9614,17914,53.7,0,6,0,4106,5694,72.1,4598,10117,14715,2180,1219,2361,3183,53.7,57.1
28,Adrian Dantley,955,34151,23177,24.3,3.0,5.7,1.0,0.2,8169,15121,54,7,41,17.1,6832,8351,81.8,2207,3248,5455,2830,944,150,2503,54,61.7
29,Dwyane Wade,"1,054",35777,23165,22.0,5.4,4.7,1.5,0.8,8454,17617,48,549,1874,29.3,5708,7463,76.5,1258,3675,4933,5701,1620,885,3326,49.5,55.4
30,Elgin Baylor,846,33863,23149,27.4,4.3,0.0,,,8693,20171,43.1,-,-,-,5763,7391,78,-,-,11463,3650,-,-,-,43.1,49.4
31,Kevin Durant,849,31305,22940,27.0,4.1,7.1,1.1,1.1,7814,15859,49.3,1570,4122,38.1,5742,6506,88.3,617,5375,5992,3486,948,941,2653,54.2,61.3
32,Clyde Drexler,"1,086",37538,22195,20.4,5.6,6.1,2.0,0.7,8335,17673,47.2,827,2603,31.8,4698,5962,78.8,2615,4062,6677,6125,2207,719,2977,49.5,54.7
33,Gary Payton,"1,335",47117,21813,16.3,6.7,3.9,1.8,0.2,8708,18698,46.6,1132,3570,31.7,3265,4480,72.9,1392,3877,5269,8966,2445,285,3030,49.6,52.8
34,Larry Bird,897,34443,21791,24.3,6.3,10.0,1.7,0.8,8591,17334,49.6,649,1727,37.6,3960,4471,88.6,1757,7217,8974,5695,1556,755,2816,51.4,56.4
35,Hal Greer,"1,122",39788,21586,19.2,4.0,0.0,,,8504,18811,45.2,-,-,-,4578,5717,80.1,-,-,5665,4540,-,-,-,45.2,50.6
36,Walt Bellamy,"1,043",38940,20941,20.1,2.4,0.7,0.0,0.0,7914,15340,51.6,-,-,-,5113,8088,63.2,264,481,14241,2544,52,48,-,51.6,55.4
37,Pau Gasol,"1,226",41001,20894,17.0,3.2,9.2,0.5,1.6,7980,15729,50.7,179,486,36.8,4755,6311,75.3,3085,8220,11305,3925,606,1941,2638,51.3,56.5
39,David Robinson,987,34273,20790,21.1,2.5,10.6,1.4,3.0,7365,14221,51.8,25,100,25,6035,8201,73.6,3083,7414,10497,2441,1388,2954,2417,51.9,58.3
41,Mitch Richmond,976,34301,20497,21.0,3.5,3.9,1.2,0.3,7305,16038,45.5,1326,3417,38.8,4561,5365,85,881,2920,3801,3398,1211,254,2579,49.7,55.7
42,Joe Johnson,"1,276",44233,20405,16.0,3.9,4.0,0.8,0.2,7822,17719,44.1,1978,5331,37.1,2783,3468,80.2,1067,3992,5059,5001,1071,260,2451,49.7,53
43,Tom Chambers,"1,107",33921,20049,18.1,2.1,6.1,0.8,0.6,7378,15749,46.8,227,740,30.7,5066,6274,80.7,1942,4761,6703,2283,885,627,2549,47.6,54.2
44,Antawn Jamison,"1,083",37638,20042,18.5,1.6,7.5,1.0,0.4,7679,17024,45.1,1163,3365,34.6,3521,4860,72.4,2557,5600,8157,1761,1048,421,1714,48.5,52.3
45,John Stockton,"1,504",47766,19711,13.1,10.5,2.7,2.2,0.2,7039,13658,51.5,845,2202,38.4,4788,5796,82.6,966,3085,4051,15806,3265,315,4244,54.6,60.8
46,Bernard King,874,29417,19655,22.5,3.3,5.8,1.0,0.3,7830,15109,51.8,23,134,17.2,3972,5444,73,1704,3356,5060,2863,866,230,2791,51.9,56.1
47,Clifford Robinson,"1,380",42560,19591,14.2,2.2,4.6,1.0,1.0,7389,16875,43.8,1253,3515,35.6,3560,5165,68.9,1852,4454,6306,3094,1402,1390,2502,47.5,51.2
48,Walter Davis,"1,033",28859,19521,18.9,3.8,3.0,1.2,0.1,8118,15871,51.1,157,577,27.2,3128,3676,85.1,889,2164,3053,3878,1280,133,2541,51.6,55.8
49,Tony Parker,"1,254",38279,19473,15.5,5.6,2.7,0.8,0.1,7777,15830,49.1,519,1603,32.4,3400,4525,75.1,441,2955,3396,7036,1053,98,2865,50.8,54.6
50,Terry Cummings,"1,183",33895,19460,16.4,1.9,7.3,1.1,0.5,8045,16628,48.4,44,149,29.5,3326,4711,70.6,3183,5447,8630,2190,1255,650,2200,48.5,52
51,Jamal Crawford,"1,326",38988,19414,14.6,3.4,2.2,0.9,0.2,6750,16463,41,2220,6377,34.8,3694,4286,86.2,466,2482,2948,4538,1179,271,2476,47.7,52.9
52,Bob Lanier,959,32103,19248,20.1,3.1,7.0,0.8,1.1,7761,15092,51.4,2,13,15.4,3724,4858,76.7,1843,4853,9698,3007,777,1100,1112,51.4,55.9
53,Eddie Johnson,"1,199",32603,19202,16.0,2.1,4.0,0.6,0.2,7727,16361,47.2,562,1679,33.5,3186,3792,84,1786,3046,4832,2550,739,180,2076,48.9,53.3
54,Gail Goodrich,"1,031",33527,19181,18.6,4.7,1.1,0.5,0.1,7431,16300,45.6,-,-,-,4319,5354,80.7,453,651,3279,4805,545,72,390,45.6,51.4
55,Reggie Theus,"1,026",34603,19015,18.5,6.3,3.3,1.2,0.2,7057,14973,47.1,238,945,25.2,4663,5644,82.6,1182,2167,3349,6453,1206,236,3493,47.9,54.5
56,Dale Ellis,"1,209",34780,19004,15.7,1.4,3.5,0.8,0.2,7323,15275,47.9,1719,4266,40.3,2639,3365,78.4,1533,2668,4201,1746,974,183,1771,53.6,56.7
57,Scottie Pippen,"1,178",41068,18940,16.1,5.2,6.4,2.0,0.8,7420,15700,47.3,978,3002,32.6,3122,4437,70.4,2068,5426,7494,6135,2307,947,3257,50.4,53.6
58,Jason Terry,"1,410",42034,18881,13.4,3.8,2.3,1.1,0.2,6914,15585,44.4,2282,6010,38,2771,3278,84.5,502,2772,3274,5415,1603,275,2415,51.7,55.4
59,Russell Westbrook,821,28329,18859,23.0,8.4,7.0,1.8,0.3,6626,15253,43.4,922,2995,30.8,4685,5846,80.1,1371,4389,5760,6897,1442,250,3326,46.5,52.9
60,Chet Walker,"1,032",33433,18831,18.2,2.1,0.8,0.1,0.0,6876,14628,47,-,-,-,5079,6384,79.6,245,593,7314,2126,117,10,-,47,54
61,Isiah Thomas,979,35516,18822,19.2,9.3,3.6,1.9,0.3,7194,15904,45.2,398,1373,29,4036,5316,75.9,951,2527,3478,9061,1861,249,3682,46.5,51.6
62,Bob McAdoo,852,28327,18787,22.1,2.3,8.6,0.9,1.3,7420,14751,50.3,3,37,8.1,3944,5229,75.4,1818,5502,8048,1951,751,1147,1223,50.3,55.1
64,LaMarcus Aldridge,950,32765,18598,19.6,2.0,8.4,0.7,1.1,7528,15325,49.1,121,427,28.3,3421,4223,81,2581,5387,7968,1856,697,1024,1498,49.5,54.1
65,Zach Randolph,"1,116",34620,18578,16.6,1.8,9.1,0.7,0.3,7436,15774,47.1,199,729,27.3,3507,4592,76.4,3279,6929,10208,2049,834,301,2290,47.8,52.2
66,Mark Aguirre,923,27730,18458,20.0,3.1,5.0,0.7,0.3,7201,14865,48.4,392,1258,31.2,3664,4944,74.1,1704,2874,4578,2871,687,296,2306,49.8,54.2
67,Dolph Schayes,996,29800,18438,18.5,3.1,0.0,,,5863,15427,38,-,-,-,6712,7904,84.9,-,-,11256,3072,-,-,-,38,48.8
69,Tracy McGrady,938,30658,18381,19.6,4.4,5.6,1.2,0.9,6709,15413,43.5,1081,3198,33.8,3882,5202,74.6,1300,3976,5276,4161,1136,807,2029,47,51.9
70,Julius Erving,836,28677,18364,22.0,3.9,6.7,1.8,1.5,7237,14276,50.7,46,176,26.1,3844,4950,77.7,2067,3534,5601,3224,1508,1293,2323,50.9,55.8
71,Glen Rice,"1,000",34982,18336,18.3,2.1,4.4,1.0,0.3,6776,14867,45.6,1559,3896,40,3225,3813,84.6,946,3441,4387,2097,958,265,1733,50.8,55.4
72,Dave Bing,901,32769,18327,20.3,6.0,1.3,0.5,0.1,6962,15769,44.1,-,-,-,4403,5683,77.5,418,741,3420,5397,483,89,216,44.1,50.2
73,Dwight Howard,"1,044",35985,18114,17.4,1.5,12.6,0.9,2.0,6537,11217,58.3,6,63,9.5,5034,8885,56.7,3671,9513,13184,1535,986,2051,3059,58.3,59.9
74,World Free,886,26893,17955,20.3,3.7,2.7,1.0,0.3,6512,14294,45.6,213,632,33.7,4718,6264,75.3,1008,1422,2430,3319,910,223,1869,46.3,52.7
75,Calvin Murphy,"1,002",30607,17949,17.9,4.4,1.4,1.2,0.1,7247,15030,48.2,10,72,13.9,3445,3864,89.2,499,952,2103,4402,1165,51,822,48.3,53.6
76,Lou Hudson,890,29794,17940,20.2,2.7,1.3,0.6,0.1,7392,15129,48.9,-,-,-,3156,3960,79.7,436,718,3926,2432,516,98,249,48.9,53.2
77,Chris Mullin,986,32172,17911,18.2,3.5,4.1,1.6,0.6,6740,13243,50.9,815,2120,38.4,3616,4178,86.5,1026,3008,4034,3450,1530,549,2315,54,59.4
78,Lenny Wilkens,"1,077",38064,17772,16.5,6.7,0.4,0.2,0.0,6189,14327,43.2,-,-,-,5394,6973,77.4,118,279,5030,7211,174,26,-,43.2,51.1
79,Bailey Howell,950,30627,17770,18.7,2.0,0.0,,,6515,13585,48,-,-,-,4740,6224,76.2,-,-,9383,1853,-,-,-,48,54.4
80,Magic Johnson,906,33245,17707,19.5,11.2,7.2,1.9,0.4,6211,11951,52,325,1074,30.3,4960,5850,84.8,1601,4958,6559,10141,1724,374,3506,53.3,61
81,Shawn Marion,"1,163",40097,17700,15.2,1.9,8.7,1.5,1.1,7289,15056,48.4,791,2390,33.1,2331,2877,81,2732,7369,10101,2198,1759,1233,1750,51,54.2
82,Rolando Blackman,980,32087,17623,18.0,3.0,3.3,0.7,0.3,6887,13969,49.3,229,667,34.3,3620,4309,84,1047,2231,3278,2981,715,274,1829,50.1,55.5
83,Otis Thorpe,"1,257",39824,17599,14.0,2.2,8.2,0.7,0.4,6872,12593,54.6,3,64,4.7,3852,5610,68.7,3446,6924,10370,2730,840,501,2774,54.6,58.4
84,Chris Paul,950,33350,17597,18.5,9.7,4.5,2.2,0.1,6162,13132,46.9,1268,3426,37,4005,4613,86.8,641,3621,4262,9181,2122,122,2304,51.8,58
85,Jason Kidd,"1,391",50116,17529,12.6,8.7,6.3,1.9,0.3,6219,15557,40,1988,5701,34.9,3103,3954,78.5,1768,6957,8725,12091,2684,450,4003,46.4,50.7
86,Earl Monroe,926,29636,17454,18.8,3.9,1.3,0.5,0.1,6906,14898,46.4,0,0,0,3642,4513,80.7,260,976,2796,3594,473,121,305,46.4,51.7
87,Steve Nash,"1,217",38073,17387,14.3,8.5,3.0,0.7,0.1,6321,12892,49,1685,3939,42.8,3060,3384,90.4,643,2999,3642,10335,899,102,3478,55.6,60.5
88,Kevin McHale,971,30118,17335,17.9,1.7,7.3,0.4,1.7,6830,12334,55.4,41,157,26.1,3634,4554,79.8,2358,4764,7122,1670,344,1690,1893,55.5,60.5
89,Michael Finley,"1,103",37995,17306,15.7,2.9,4.4,0.9,0.3,6696,15095,44.4,1454,3880,37.5,2460,3032,81.1,1121,3683,4804,3245,996,323,1629,49.2,52.7
90,Jack Sikma,"1,107",36943,17287,15.6,3.2,9.8,1.0,0.9,6396,13792,46.4,203,618,32.8,4292,5053,84.9,2542,8274,10816,3488,1162,1048,2586,47.1,54
91,Kevin Willis,"1,424",38360,17253,12.1,0.9,8.4,0.7,0.5,7095,14572,48.7,40,190,21.1,3023,4238,71.3,4132,7769,11901,1328,958,751,2520,48.8,52.5
92,Jeff Malone,905,29660,17231,19.0,2.4,2.6,0.6,0.1,7099,14674,48.4,86,321,26.8,2947,3383,87.1,572,1792,2364,2154,577,100,1538,48.7,53.3
93,Chris Bosh,893,31936,17189,19.2,2.0,8.5,0.8,1.0,6209,12581,49.4,305,910,33.5,4466,5591,79.9,1927,5665,7592,1795,730,932,1807,50.6,57.1
94,Chris Webber,831,30852,17182,20.7,4.2,9.8,1.4,1.4,7192,15024,47.9,264,883,29.9,2534,3906,64.9,2271,5853,8124,3526,1197,1200,2313,48.7,51.3
95,Grant Hill,"1,026",34778,17137,16.7,4.1,6.0,1.2,0.6,6345,13126,48.3,219,697,31.4,4228,5498,76.9,1176,4993,6169,4252,1248,576,2459,49.2,55.1
96,Bob Cousy,924,30165,16960,18.4,7.5,0.0,,,6168,16468,37.5,-,-,-,4624,5756,80.3,-,-,4786,6955,-,-,-,37.5,44.6
97,Elton Brand,"1,058",34906,16827,15.9,2.1,8.5,0.9,1.7,6599,13185,50,2,21,9.5,3627,4929,73.6,3304,5736,9040,2184,940,1828,2060,50.1,54.8
98,Buck Williams,"1,307",42470,16784,12.8,1.3,10.0,0.8,0.8,6404,11661,54.9,5,30,16.7,3971,5979,66.4,4526,8491,13017,1646,1080,1100,2784,54.9,58.7
99,Latrell Sprewell,913,35268,16712,18.3,4.0,4.1,1.4,0.4,6076,14294,42.5,1104,3272,33.7,3456,4298,80.4,770,2954,3724,3664,1294,399,2450,46.4,51.6
100,Nate Archibald,876,31159,16481,18.8,7.4,1.6,0.8,0.1,5899,12628,46.7,19,85,22.4,4664,5760,81,344,1015,2046,6476,719,81,1123,46.8,54.3
101,Jerry Stackhouse,970,30226,16409,16.9,3.3,3.2,0.9,0.5,5386,13182,40.9,988,3202,30.9,4649,5659,82.2,926,2141,3067,3240,869,437,2641,44.6,52.4
102,Joe Dumars,"1,018",35141,16402,16.1,4.5,2.2,0.9,0.1,5994,13026,46,990,2592,38.2,3424,4061,84.3,671,1532,2203,4612,902,83,2084,49.8,55.4
103,James Worthy,926,30001,16320,17.6,3.0,5.1,1.1,0.7,6878,13204,52.1,117,486,24.1,2447,3184,76.9,1561,3147,4708,2791,1041,624,1859,52.5,55.9
105,Stephon Marbury,846,31890,16297,19.3,7.6,3.0,1.2,0.1,5769,13324,43.3,991,3048,32.5,3768,4804,78.4,579,1937,2516,6471,1022,121,2547,47,52.8
106,Andre Miller,"1,304",40268,16278,12.5,6.5,3.7,1.2,0.2,6035,13104,46.1,193,888,21.7,4015,4975,80.7,1373,3422,4795,8524,1546,227,3121,46.8,53.2
108,Randy Smith,976,31444,16262,16.7,4.6,2.9,1.4,0.1,6676,14218,47,17,110,15.5,2893,3705,78.1,861,1977,3597,4487,1403,57,1158,47,51.3
109,Juwan Howard,"1,208",36648,16159,13.4,2.2,6.1,0.7,0.3,6543,13950,46.9,6,50,12,3067,4014,76.4,2348,5080,7428,2663,818,312,2469,46.9,51.4
110,Derek Harper,"1,199",37776,16006,13.3,5.5,2.4,1.6,0.3,6191,13384,46.3,1070,3026,35.4,2554,3426,74.5,696,2188,2884,6577,1957,304,2334,50.3,53.7
110,Rasheed Wallace,"1,109",36249,16006,14.4,1.8,6.7,1.0,1.3,6320,13529,46.7,1086,3228,33.6,2280,3162,72.1,1578,5826,7404,1994,1090,1460,1693,50.7,53.6
112,Amar'e Stoudemire,846,26253,15994,18.9,1.2,7.8,0.8,1.2,5911,11009,53.7,30,127,23.6,4142,5444,76.1,2029,4603,6632,1050,636,1054,1953,53.8,59.7
113,Kiki Vandeweghe,810,24521,15980,19.7,2.1,3.4,0.6,0.3,6139,11699,52.5,218,592,36.8,3484,3997,87.2,893,1892,2785,1668,468,243,1310,53.4,59.4
115,Jack Twyman,823,26147,15840,19.2,2.3,0.0,,,6237,13873,45,-,-,-,3366,4325,77.8,-,-,5424,1861,-,-,-,45,50.2
116,Chauncey Billups,"1,043",33008,15802,15.2,5.4,2.9,1.0,0.2,4738,11413,41.5,1830,4725,38.7,4496,5029,89.4,480,2512,2992,5636,1051,168,2138,49.5,58
117,Detlef Schrempf,"1,136",33609,15761,13.9,3.4,6.2,0.8,0.3,5400,10995,49.1,475,1236,38.4,4486,5585,80.3,1871,5152,7023,3833,856,312,2268,51.3,58.6
118,Richard Hamilton,921,29562,15708,17.1,3.4,3.1,0.8,0.1,5969,13288,44.9,530,1530,34.6,3240,3805,85.2,794,2058,2852,3125,714,131,1977,46.9,52.5
119,Larry Nance,920,30697,15687,17.1,2.6,8.0,0.9,2.2,6370,11664,54.6,8,55,14.5,2939,3892,75.5,2299,5053,7352,2393,872,2027,1711,54.6,58.6
120,Jeff Hornacek,"1,077",33961,15659,14.5,4.9,3.4,1.4,0.2,5929,11957,49.6,828,2055,40.3,2973,3390,87.7,919,2727,3646,5281,1536,226,1971,53,58.2
121,Antoine Walker,893,31533,15647,17.5,3.5,7.7,1.2,0.5,6085,14710,41.4,1386,4264,32.5,2091,3303,63.3,1894,4997,6891,3170,1085,469,2504,46.1,48.4
122,Sam Cassell,993,29813,15635,15.7,6.0,3.2,1.1,0.2,5698,12558,45.4,672,2029,33.1,3567,4144,86.1,618,2603,3221,5939,1058,163,2418,48,54.4
123,Terry Porter,"1,274",35355,15586,12.2,5.6,3.0,1.2,0.1,5428,11734,46.3,1297,3360,38.6,3433,4107,83.6,715,3157,3872,7160,1583,181,2666,51.8,57.6
124,Walt Frazier,825,30965,15581,18.9,6.1,2.3,0.8,0.1,6130,12516,49,0,1,0,3321,4226,78.6,403,1523,4830,5040,681,63,139,49,54.2
125,Artis Gilmore,909,29685,15579,17.1,2.0,10.1,0.5,1.9,5732,9570,59.9,1,13,7.7,4114,5768,71.3,2639,6522,9161,1777,470,1747,2347,59.9,64.3
125,Rashard Lewis,"1,049",33543,15579,14.9,1.7,5.2,1.1,0.5,5644,12479,45.2,1787,4625,38.6,2504,3111,80.5,1418,4015,5433,1765,1115,541,1577,52.4,56.3
127,Dennis Johnson,"1,100",35954,15535,14.1,5.0,3.9,1.3,0.6,5832,13100,44.5,80,464,17.2,3791,4754,79.7,1459,2790,4249,5499,1477,675,2448,44.8,51.1
128,Bob Dandridge,839,29502,15530,18.5,3.4,3.9,0.8,0.4,6445,13317,48.4,2,12,16.7,2638,3382,78,908,2337,5715,2846,661,303,630,48.4,52.4
129,Rudy Gay,879,29888,15461,17.6,2.2,5.9,1.3,0.8,5874,12881,45.6,903,2598,34.8,2810,3532,79.6,1256,3957,5213,1965,1107,688,2008,49.1,53.6
130,Sam Jones,871,24285,15411,17.7,2.5,0.0,,,6271,13745,45.6,-,-,-,2869,3572,80.3,-,-,4305,2209,-,-,-,45.6,50.3
131,Tim Hardaway,867,30628,15373,17.7,8.2,3.3,1.6,0.1,5640,13076,43.1,1542,4345,35.5,2551,3263,78.2,544,2311,2855,7095,1428,129,2481,49,53
132,Dick Barnett,971,28937,15358,15.8,2.8,0.0,0.0,0.0,6034,13227,45.6,-,-,-,3290,4324,76.1,1,3,2812,2729,1,0,-,45.6,50.8
133,Shawn Kemp,"1,051",29299,15347,14.6,1.6,8.4,1.1,1.2,5505,11278,48.8,33,119,27.7,4304,5805,74.1,3026,5808,8834,1704,1185,1279,2766,49,55.5
134,Sam Perkins,"1,286",36598,15324,11.9,1.5,6.0,0.9,0.7,5498,11984,45.9,849,2348,36.2,3479,4292,81.1,2324,5342,7666,1975,1105,933,1586,49.4,55.2
136,Byron Scott,"1,073",30152,15097,14.1,2.5,2.8,1.1,0.3,5918,12268,48.2,775,2093,37,2486,2985,83.3,677,2310,2987,2729,1224,276,1597,51.4,55.6
137,Dick Van Arsdale,921,31771,15079,16.4,3.3,0.7,0.3,0.0,5413,11661,46.4,-,-,-,4253,5385,79,188,476,3807,3060,264,44,-,46.4,53.7
138,Shareef Abdur-Rahim,830,28883,15028,18.1,2.5,7.5,1.0,0.8,5434,11515,47.2,154,519,29.7,4006,4943,81,1869,4370,6239,2109,820,638,2136,47.9,54.9
141,Richard Jefferson,"1,181",34299,14904,12.6,2.0,4.0,0.7,0.3,5150,11102,46.4,1042,2769,37.6,3562,4639,76.8,917,3803,4720,2412,787,347,1768,51.1,56.7
142,James Edwards,"1,168",28356,14862,12.7,1.3,5.1,0.4,0.7,5802,11724,49.5,1,21,4.8,3257,4666,69.8,1804,4200,6004,1499,420,867,1931,49.5,53.9
143,Monta Ellis,833,29011,14858,17.8,4.6,3.5,1.7,0.3,5723,12688,45.1,737,2349,31.4,2675,3463,77.2,520,2354,2874,3856,1409,281,2246,48,52.3
144,Mike Bibby,"1,001",33959,14698,14.7,5.5,3.1,1.2,0.1,5410,12412,43.6,1517,3999,37.9,2361,2943,80.2,529,2574,3103,5517,1172,149,2134,49.7,53.6
145,Richie Guerin,848,27449,14676,17.3,5.0,0.0,,,5174,12451,41.6,-,-,-,4328,5549,78,-,-,4278,4211,-,-,-,41.6,49.3
147,Jason Richardson,857,29243,14644,17.1,2.7,5.0,1.2,0.4,5558,12681,43.8,1608,4344,37,1920,2714,70.7,1033,3212,4245,2284,995,367,1503,50.2,52.8
147,Jamaal Wilkes,828,27275,14644,17.7,2.5,6.2,1.3,0.3,6226,12471,49.9,7,52,13.5,2185,2878,75.9,1627,3490,5117,2050,1049,262,1211,50,53.3
149,Purvis Short,842,24549,14607,17.3,2.5,4.3,1.0,0.2,5934,12507,47.4,125,443,28.2,2614,3174,82.4,1424,2201,3625,2123,878,178,1720,47.9,52.5
151,Allan Houston,839,28310,14551,17.3,2.4,2.9,0.7,0.2,5337,12017,44.4,1305,3247,40.2,2572,2979,86.3,353,2081,2434,1990,566,139,1760,49.8,54.6
152,Bill Russell,963,40726,14522,15.1,4.3,0.0,,,5687,12930,44,-,-,-,3148,5614,56.1,-,-,21620,4100,-,-,-,44,47.1
153,Hersey Hawkins,983,32037,14470,14.7,2.9,3.6,1.7,0.3,4889,10612,46.1,1226,3108,39.4,3466,3985,87,825,2729,3554,2860,1622,302,1828,51.8,58.5
154,Ricky Pierce,969,23669,14467,14.9,1.9,2.4,0.8,0.2,5391,10925,49.3,296,920,32.2,3389,3871,87.5,864,1432,2296,1826,768,147,1453,50.7,57.3
155,Rod Strickland,"1,094",33635,14463,13.2,7.3,3.7,1.5,0.2,5418,11928,45.4,195,691,28.2,3432,4759,72.1,1172,2912,4084,7987,1616,215,2862,46.2,51.6
156,Nate Thurmond,964,35881,14437,15.0,2.7,2.7,0.1,0.6,5521,13105,42.1,-,-,-,3395,5089,66.7,744,1827,14464,2575,125,553,-,42.1,47
157,Jojo White,837,29941,14399,17.2,4.9,2.3,0.8,0.1,6169,13884,44.4,1,6,16.7,2060,2471,83.4,472,1468,3345,4095,686,112,504,44.4,48.1
158,Al Jefferson,915,26298,14343,15.7,1.5,8.4,0.7,1.2,6161,12344,49.9,8,66,12.1,2013,2833,71.1,2054,5636,7690,1347,628,1093,1211,49.9,52.8
159,Alonzo Mourning,838,25977,14311,17.1,1.1,8.5,0.5,2.8,5116,9701,52.7,22,89,24.7,4057,5862,69.2,2184,4953,7137,946,414,2356,2209,52.9,58.3
161,Tom Van Arsdale,929,28682,14232,15.3,2.2,1.1,0.2,0.0,5505,12763,43.1,-,-,-,3222,4226,76.2,247,794,3942,2085,230,16,-,43.1,48.7
162,Eddie Jones,954,32782,14155,14.8,2.9,4.0,1.7,0.6,4932,11286,43.7,1546,4147,37.3,2745,3394,80.9,761,3096,3857,2812,1620,580,1507,50.5,55.4
163,Gus Williams,825,25645,14093,17.1,5.6,2.7,2.0,0.4,5793,12570,46.1,108,454,23.8,2399,3173,75.6,818,1404,2222,4597,1638,291,1646,46.5,50.5
164,Dave DeBusschere,875,31202,14053,16.1,2.9,0.9,0.1,0.0,5722,13249,43.2,-,-,-,2609,3730,69.9,134,623,9618,2497,67,39,-,43.2,47.2
164,Jerry Lucas,829,32131,14053,17.0,3.3,0.5,0.0,0.0,5709,11441,49.9,-,-,-,2635,3365,78.3,62,312,12942,2730,28,24,-,49.9,54.4
166,Manu Ginobili,"1,057",26857,14043,13.3,3.8,3.5,1.3,0.3,4584,10262,44.7,1495,4055,36.9,3380,4089,82.7,685,3012,3697,4001,1392,319,2116,52,58.2
167,David West,"1,034",29141,14034,13.6,2.2,6.4,0.7,0.8,5703,11519,49.5,57,215,26.5,2571,3148,81.7,1784,4806,6590,2273,764,850,1660,49.8,54.4
168,Fred Brown,963,24422,14018,14.6,3.3,2.4,1.2,0.2,6006,12568,47.8,110,295,37.3,1896,2211,85.8,681,1601,2637,3160,1149,166,840,48.2,51.8
169,Carlos Boozer,861,26906,13976,16.2,2.2,9.5,0.9,0.4,5847,11221,52.1,1,14,7.1,2281,3158,72.2,2037,6155,8192,1928,765,346,1824,52.1,55.4
170,Alvan Adams,988,27203,13910,14.1,4.1,7.0,1.3,0.8,5709,11464,49.8,2,15,13.3,2490,3160,78.8,2015,4922,6937,4012,1289,808,2194,49.8,54.1
170,Ron Harper,"1,009",31196,13910,13.8,3.9,4.3,1.7,0.7,5326,11946,44.6,523,1811,28.9,2735,3799,72,1322,2987,4309,3916,1716,729,2251,46.8,51.1
174,Chuck Person,943,28941,13858,14.7,2.8,5.1,0.7,0.2,5576,12176,45.8,1220,3370,36.2,1486,2056,72.3,1162,3601,4763,2645,683,197,1952,50.8,53
175,Deron Williams,845,28865,13804,16.3,8.1,3.1,1.0,0.2,4874,10964,44.5,1178,3296,35.7,2878,3502,82.2,353,2266,2619,6819,867,206,2402,49.8,55.2
176,Bill Laimbeer,"1,068",33956,13790,12.9,2.0,9.7,0.7,0.9,5574,11198,49.8,202,619,32.6,2440,2916,83.7,2819,7581,10400,2184,710,965,1594,50.7,55.2
177,Peja Stojakovic,804,26966,13647,17.0,1.8,4.7,0.9,0.1,4825,10719,45,1760,4392,40.1,2237,2500,89.5,747,3035,3782,1408,747,106,1090,53.2,57.7
179,Orlando Woolridge,851,24041,13623,16.0,1.9,4.3,0.6,0.7,5150,10037,51.3,8,88,9.1,3315,4501,73.7,1361,2335,3696,1609,553,569,1747,51.4,56.7
180,Xavier McDaniel,870,25204,13606,15.6,2.0,6.1,0.9,0.5,5673,11685,48.5,74,283,26.1,2186,3046,71.8,2082,3231,5313,1775,791,416,1887,48.9,52.2
182,Andre Iguodala,"1,108",37036,13456,12.1,4.4,5.1,1.5,0.5,4842,10398,46.6,989,2966,33.3,2783,3918,71,1039,4592,5631,4821,1663,552,2110,51.3,55.5
183,Baron Davis,835,28593,13447,16.1,7.2,3.8,1.8,0.4,4888,11951,40.9,1332,4159,32,2339,3292,71.1,762,2421,3183,6025,1530,360,2308,46.5,50.2
185,Steven Smith,942,28857,13430,14.3,3.1,3.2,0.8,0.3,4609,10485,44,1148,3208,35.8,3064,3625,84.5,1112,1948,3060,2922,726,275,1714,49.4,55.6
186,Vlade Divac,"1,134",33838,13398,11.8,3.1,8.2,1.1,1.4,5205,10510,49.5,100,426,23.5,2888,4176,69.2,2881,6445,9326,3541,1288,1631,2470,50,54.3
188,Luol Deng,902,30942,13361,14.8,2.3,6.1,1.0,0.5,5130,11257,45.6,658,1982,33.2,2443,3175,76.9,1462,4006,5468,2042,880,444,1459,48.5,52.8
189,Paul Millsap,945,27721,13328,14.1,2.3,7.4,1.3,1.0,5008,10204,49.1,430,1286,33.4,2882,3927,73.4,2128,4876,7004,2168,1222,966,1689,51.2,55.9
190,Jermaine O'Neal,"1,011",27368,13309,13.2,1.4,7.2,0.5,1.8,5144,11025,46.7,14,95,14.7,3007,4208,71.5,1991,5270,7261,1369,470,1820,1872,46.7,51.7
191,Lou Williams,936,23018,13305,14.2,3.3,2.2,0.9,0.2,4266,10143,42.1,1240,3556,34.9,3533,4213,83.9,363,1695,2058,3094,834,171,1563,48.2,55.5
192,Al Harrington,981,28003,13237,13.5,1.7,5.6,0.9,0.3,5028,11318,44.4,977,2778,35.2,2204,3030,72.7,1495,3987,5482,1649,858,246,1838,48.7,52.3
193,Jalen Rose,923,27925,13220,14.3,3.8,3.5,0.8,0.3,4852,10945,44.3,746,2102,35.5,2770,3457,80.1,491,2702,3193,3527,729,315,2102,47.7,53
195,Corey Maggette,827,23361,13198,16.0,2.1,4.9,0.7,0.2,4065,8969,45.3,463,1431,32.4,4605,5599,82.2,915,3107,4022,1696,590,139,1874,47.9,57.7
197,Metta World Peace,991,31439,13058,13.2,2.7,4.5,1.7,0.5,4666,11266,41.4,1154,3402,33.9,2572,3596,71.5,1159,3289,4448,2631,1721,522,1791,46.5,50.8
198,Jeff Mullins,802,24574,13017,16.2,3.8,0.5,0.2,0.0,5383,11631,46.3,-,-,-,2251,2764,81.4,144,287,3427,3023,140,37,-,46.3,50.7
199,Horace Grant,"1,165",38625,12996,11.2,2.2,8.1,1.0,1.0,5439,10695,50.9,4,63,6.3,2114,3053,69.2,3467,5976,9443,2575,1143,1136,1303,50.9,54
199,Josh Smith,894,28999,12996,14.5,3.1,7.4,1.2,1.9,5089,11247,45.2,450,1578,28.5,2368,3748,63.2,1717,4936,6653,2789,1083,1713,2197,47.2,50.4
201,Stephen Jackson,858,27397,12976,15.1,3.1,3.9,1.3,0.4,4604,11112,41.4,1252,3763,33.3,2516,3154,79.8,674,2654,3328,2634,1109,317,2141,47.1,51.9
202,Bob Boozer,874,25549,12964,14.8,1.4,0.0,,,4961,10738,46.2,-,-,-,3042,3998,76.1,-,-,7119,1237,-,-,-,46.2,51.9
203,Kendall Gill,966,29487,12914,13.4,3.0,4.1,1.6,0.4,5068,11672,43.4,315,1051,30,2463,3267,75.4,1274,2728,4002,2945,1519,432,1734,44.8,49.3
206,Wayman Tisdale,840,23869,12878,15.3,1.3,6.1,0.6,0.6,5338,10575,50.5,0,21,0,2202,2897,76,1617,3500,5117,1077,464,500,1407,50.5,54.3
207,Rik Smits,867,23102,12871,14.8,1.4,6.1,0.4,1.3,5301,10461,50.7,3,26,11.5,2266,2932,77.3,1531,3746,5277,1215,372,1111,1579,50.7,54.8
208,Mychal Thompson,935,27764,12810,13.7,2.3,7.4,0.7,1.1,5191,10306,50.4,1,12,8.3,2427,3707,65.5,2229,4722,6951,2141,701,1073,2104,50.4,53.7
209,Paul Westphal,823,20947,12809,15.6,4.4,1.8,1.2,0.3,5079,10084,50.4,55,200,27.5,2596,3166,82,393,1120,1580,3591,1022,262,1117,50.6,55.8
211,Lamar Odom,961,32131,12781,13.3,3.7,8.4,0.9,0.9,4811,10393,46.3,664,2126,31.2,2495,3599,69.3,1821,6238,8059,3554,848,892,2253,49.5,53.4
212,Mickey Johnson,904,25005,12748,14.1,3.0,7.2,1.1,0.7,4733,10544,44.9,29,176,16.5,3253,4066,80,2201,4264,6465,2677,1025,632,2050,45,51.7
213,Johnny Newman,"1,159",28438,12740,11.0,1.5,2.2,0.9,0.2,4456,9671,46.1,600,1786,33.6,3228,3984,81,950,1586,2536,1688,1064,246,1656,49.2,55.8
214,Bill Cartwright,963,27491,12713,13.2,1.4,6.3,0.5,0.7,4656,8868,52.5,0,2,0,3401,4412,77.1,1812,4294,6106,1390,460,668,1892,52.5,58.8
215,Armen Gilliam,929,26427,12700,13.7,1.2,6.9,0.7,0.7,4838,9895,48.9,0,17,0,3024,3896,77.6,2117,4284,6401,1088,676,607,1722,48.9,54.7
216,Jim Jackson,885,29067,12690,14.3,3.2,4.7,0.8,0.2,4811,11247,42.8,881,2413,36.5,2187,2651,82.5,1190,2962,4152,2851,726,188,2179,46.7,51.1
217,Dell Curry,"1,083",23551,12670,11.7,1.8,2.4,0.9,0.2,5090,11146,45.7,1245,3098,40.2,1245,1476,84.3,599,2018,2617,1909,985,238,1299,51.3,53.7
219,Nick Van Exel,880,28980,12658,14.4,6.6,2.9,0.8,0.1,4636,11458,40.5,1528,4278,35.7,1858,2341,79.4,375,2170,2545,5777,726,92,1850,47.1,50.7
221,Jack Marin,849,24590,12541,14.8,2.1,1.1,0.2,0.1,5068,10890,46.5,-,-,-,2405,2852,84.3,259,675,4405,1813,155,59,-,46.5,51.6
222,Mike Newlin,837,24574,12507,14.9,4.0,2.3,0.8,0.1,4720,10133,46.6,62,205,30.2,3005,3456,87,559,1367,2494,3364,702,58,878,46.9,53.7
223,Mark Jackson,"1,296",39117,12489,9.6,8.0,3.8,1.2,0.1,4793,10731,44.7,734,2213,33.2,2169,2818,77,1281,3682,4963,10334,1608,117,3155,48.1,52.2
224,Johnny Kerr,905,27784,12480,13.8,2.2,0.0,,,4909,11751,41.8,-,-,-,2662,3682,72.3,-,-,10092,2004,-,-,-,41.8,46.7
226,Caron Butler,881,28332,12430,14.1,2.3,5.0,1.3,0.2,4596,10592,43.4,746,2144,34.8,2492,2942,84.7,1103,3284,4387,2007,1163,216,1594,46.9,52.3
227,Charles Oakley,"1,282",40278,12417,9.7,2.5,9.5,1.1,0.3,4835,10263,47.1,68,269,25.3,2679,3522,76.1,3924,8281,12205,3217,1351,384,2785,47.4,52.6
231,Cazzie Russell,817,22213,12377,15.1,2.2,1.3,0.3,0.0,5172,11154,46.4,-,-,-,2033,2459,82.7,343,685,3068,1838,239,33,35,46.4,50.6
232,Danny Manning,883,24207,12367,14.0,2.3,5.2,1.1,0.9,5026,9835,51.1,41,199,20.6,2274,3120,72.9,1523,3092,4615,2063,1000,752,1853,51.3,55.2
233,Kyle Lowry,856,26781,12355,14.4,6.1,4.3,1.4,0.3,3980,9395,42.4,1532,4170,36.7,2863,3558,80.5,704,2950,3654,5224,1156,241,1947,50.5,56.4
234,Maurice Lucas,855,24787,12339,14.4,2.3,8.8,0.7,0.6,4870,10297,47.3,4,36,11.1,2595,3399,76.3,2119,5401,7520,1987,639,538,1810,47.3,52.3
235,A.C. Green,"1,278",36554,12331,9.6,1.1,7.4,0.8,0.4,4544,9202,49.4,124,489,25.4,3119,4250,73.4,3354,6119,9473,1400,1033,546,1434,50.1,55.7
236,Johnny Green,"1,057",24624,12281,11.6,1.4,0.0,,,4973,10091,49.3,-,-,-,2335,4226,55.3,-,-,9083,1449,-,-,-,49.3,51.4
237,Sleepy Floyd,957,26383,12260,12.8,5.4,2.6,1.2,0.2,4448,10015,44.4,518,1599,32.4,2846,3493,81.5,626,1868,2494,5175,1120,215,2251,47,53.1
238,Antonio McDyess,"1,015",28053,12227,12.0,1.3,7.5,0.8,1.1,5046,10161,49.7,7,60,11.7,2128,3178,67,2478,5160,7638,1300,782,1102,1623,49.7,52.9
239,Maurice Cheeks,"1,101",34845,12195,11.1,6.7,2.8,2.1,0.3,4906,9374,52.3,52,204,25.5,2331,2938,79.3,713,2375,3088,7392,2310,294,2268,52.6,57.2
243,John Long,893,22680,12131,13.6,1.9,2.8,1.0,0.2,5108,10929,46.7,101,314,32.2,1814,2104,86.2,998,1494,2492,1738,912,180,1555,47.2,51.2
243,JR Smith,971,26195,12131,12.5,2.1,3.2,1.0,0.2,4373,10443,41.9,1929,5167,37.3,1456,1988,73.2,494,2574,3068,2074,973,204,1311,51.1,53.6
246,Thaddeus Young,901,27690,12044,13.4,1.7,6.0,1.5,0.4,5190,10361,50.1,407,1237,32.9,1257,1868,67.3,1837,3562,5399,1491,1315,367,1293,52.1,53.8
254,Danny Ainge,"1,042",27755,11964,11.5,4.0,2.7,1.1,0.1,4643,9905,46.9,1002,2651,37.8,1676,1980,84.6,695,2073,2768,4199,1133,132,1566,51.9,55.5
256,Mookie Blaylock,889,31027,11962,13.5,6.7,4.1,2.3,0.3,4705,11499,40.9,1283,3816,33.6,1269,1724,73.6,1017,2642,3659,5972,2075,300,2067,46.5,48.8
258,Herb Williams,"1,102",28484,11944,10.8,1.7,5.9,0.5,1.5,5037,10781,46.7,8,84,9.5,1862,2675,69.6,1624,4885,6509,1856,605,1605,1929,46.8,49.9
261,Scott Wedman,906,25927,11916,13.2,2.0,4.8,0.9,0.3,5153,10713,48.1,84,251,33.5,1526,1923,79.4,1502,2853,4355,1771,846,301,883,48.5,51.5
262,David Wesley,949,30273,11842,12.5,4.4,2.5,1.3,0.2,4248,10023,42.4,1123,3051,36.8,2223,2827,78.6,526,1879,2405,4159,1280,161,1808,48,52.6
264,Thurl Bailey,928,24873,11834,12.8,1.4,5.1,0.5,1.2,4753,10056,47.3,4,35,11.4,2324,2863,81.2,1304,3414,4718,1298,435,1086,1444,47.3,52.3
265,Vinnie Johnson,984,24308,11825,12.0,3.3,3.2,0.9,0.3,4882,10515,46.4,83,327,25.4,1978,2673,74,1451,1658,3109,3212,852,253,1569,46.8,50.6
265,Jerome Kersey,"1,153",28114,11825,10.3,1.9,5.5,1.2,0.7,4723,10166,46.5,58,288,20.1,2321,3364,69,2330,4009,6339,2134,1439,799,1583,46.7,50.8
268,Paul Silas,"1,254",34989,11782,9.4,2.1,4.2,0.3,0.1,4293,9949,43.2,0,0,0,3196,4748,67.3,2035,3213,12357,2572,358,138,333,43.2,48.9
269,Damon Stoudamire,878,29107,11763,13.4,6.1,3.5,1.1,0.1,4329,10662,40.6,1236,3464,35.7,1869,2244,83.3,703,2336,3039,5371,953,81,2039,46.4,50.5
270,Dick Snyder,964,25676,11755,12.2,2.9,1.0,0.3,0.2,4890,10019,48.8,-,-,-,1975,2398,82.4,248,740,2732,2767,300,157,84,48.8,53.1
271,Gerald Wilkins,900,26092,11736,13.0,3.0,2.9,1.0,0.2,4754,10564,45,418,1322,31.6,1810,2429,74.5,975,1671,2646,2697,907,208,1687,47,50.4
273,Dikembe Mutombo,"1,196",36795,11729,9.8,1.0,10.3,0.4,2.8,4169,8045,51.8,0,2,0,3391,4960,68.4,3808,8551,12359,1240,494,3289,2173,51.8,57.3
277,Kyle Korver,"1,174",30223,11567,9.9,1.7,3.0,0.7,0.3,3977,8985,44.3,2351,5478,42.9,1262,1438,87.8,330,3191,3521,2046,778,391,1242,57.3,60.1
279,Nick Anderson,800,24924,11529,14.4,2.6,5.1,1.4,0.5,4416,9891,44.6,1055,2964,35.6,1642,2461,66.7,1011,3053,4064,2087,1114,364,1358,50,52.5
280,Junior Bridgeman,849,21257,11517,13.6,2.4,3.5,0.8,0.3,4801,10099,47.5,40,164,24.4,1875,2216,84.6,910,2085,2995,2066,685,220,1169,47.7,52
285,Jeff Green,860,25819,11320,13.2,1.6,4.5,0.7,0.5,4118,9338,44.1,871,2612,33.3,2213,2748,80.5,809,3066,3875,1371,629,466,1314,48.8,53.7
289,Tayshaun Prince,"1,017",31576,11272,11.1,2.4,4.3,0.6,0.5,4583,10082,45.5,569,1550,36.7,1537,2033,75.6,1125,3207,4332,2407,571,500,1064,48.3,51.3
292,David Lee,829,24293,11232,13.5,2.2,8.8,0.8,0.4,4587,8566,53.5,1,29,3.4,2057,2666,77.2,2150,5170,7320,1825,625,329,1454,53.6,57.7
293,Joe Smith,"1,030",27022,11208,10.9,1.0,6.4,0.6,0.8,4325,9512,45.5,30,126,23.8,2528,3200,79,2456,4119,6575,1010,606,868,1290,45.6,51.3
294,John Johnson,869,25681,11200,12.9,3.8,3.6,0.6,0.3,4575,10254,44.6,0,1,0,2050,2633,77.9,1021,2121,4778,3285,487,235,917,44.6,49.1
296,Larry Foust,817,21890,11198,13.7,1.7,0.0,,,3814,9414,40.5,-,-,-,3570,4816,74.1,-,-,8041,1368,-,-,-,40.5,48.5
297,Christian Laettner,868,25754,11121,12.8,2.6,6.7,1.1,0.8,4036,8405,48,92,353,26.1,2957,3604,82,1621,4185,5806,2224,917,675,1932,48.6,55.7
301,Mike Dunleavy,986,27339,11048,11.2,2.2,4.3,0.7,0.3,3935,8926,44.1,1304,3460,37.7,1874,2333,80.3,698,3513,4211,2185,719,324,1369,51.4,55.5
302,Hedo Turkoglu,997,26700,11022,11.1,2.8,4.0,0.8,0.3,3851,9034,42.6,1246,3246,38.4,2074,2645,78.4,647,3324,3971,2832,750,299,1578,49.5,54
303,Bill Bridges,926,30878,11012,11.9,2.8,0.7,0.1,0.0,4181,9463,44.2,-,-,-,2650,3824,69.3,257,376,11054,2553,69,36,-,44.2,49.4
306,Zydrunas Ilgauskas,843,22965,10976,13.0,1.1,7.3,0.5,1.6,4207,8842,47.6,31,100,31,2531,3243,78,2444,3747,6191,955,421,1327,1509,47.8,53.4
307,Mike Miller,"1,032",27817,10973,10.6,2.6,4.2,0.6,0.2,4016,8747,45.9,1590,3910,40.7,1351,1757,76.9,632,3744,4376,2666,573,229,1561,55,57.6
308,Mike Gminski,938,24058,10953,11.7,1.3,6.9,0.5,1.1,4208,9047,46.5,6,49,12.2,2531,3002,84.3,2082,4398,6480,1203,507,989,1368,46.5,52.8
309,Dan Majerle,955,30207,10925,11.4,2.9,4.5,1.3,0.4,3950,9171,43.1,1360,3798,35.8,1665,2246,74.1,1125,3140,4265,2755,1194,360,1116,50.5,53.8
310,Vernon Maxwell,855,24318,10912,12.8,3.4,2.6,1.1,0.2,3932,9878,39.8,1256,3931,32,1792,2446,73.3,378,1822,2200,2912,975,152,1663,46.2,49.8
311,Nene,965,25237,10909,11.3,1.8,6.0,1.1,0.7,4175,7621,54.8,7,53,13.2,2552,3864,66,1688,4140,5828,1719,1041,721,1688,54.8,58.5
312,Ricky Sobers,821,22992,10902,13.3,4.3,2.6,1.3,0.2,4250,9262,45.9,130,447,29.1,2272,2695,84.3,672,1460,2132,3525,1085,161,1973,46.6,52.2
313,Don Nelson,"1,053",21685,10898,10.3,1.4,0.9,0.1,0.0,4017,8373,48,-,-,-,2864,3744,76.5,273,723,5192,1526,65,35,-,48,54.4
314,Bingo Smith,865,22407,10882,12.6,2.0,2.5,0.5,0.2,4776,10642,44.9,23,81,28.4,1307,1637,79.8,653,1519,3630,1734,431,167,237,45,47.9
317,Raymond Felton,971,28829,10853,11.2,5.2,3.0,1.2,0.2,4105,9959,41.2,925,2813,32.9,1718,2175,79,552,2315,2867,5096,1144,207,2008,45.9,49.7
318,John Starks,866,23519,10829,12.5,3.6,2.5,1.1,0.1,3953,9590,41.2,1222,3591,34,1701,2211,76.9,417,1712,2129,3085,951,106,1533,47.6,51.3
320,Elden Campbell,"1,045",25776,10805,10.3,1.1,5.9,0.7,1.5,4062,8835,46,2,37,5.4,2679,3832,69.9,1880,4236,6116,1199,702,1602,1367,46,51.3
321,Trevor Ariza,"1,011",30160,10792,10.7,2.2,4.8,1.5,0.3,3861,9140,42.2,1458,4155,35.1,1612,2214,72.8,1010,3874,4884,2206,1515,316,1385,50.2,53.4
322,Kenny Anderson,858,25869,10789,12.6,6.1,3.1,1.5,0.1,4002,9512,42.1,547,1580,34.6,2238,2833,79,670,1971,2641,5196,1258,111,1769,44.9,50.1
323,JJ Redick,836,21660,10784,12.9,2.0,2.0,0.5,0.1,3617,8078,44.8,1704,4129,41.3,1846,2073,89,158,1530,1688,1692,389,75,929,55.3,60
324,Mo Williams,818,23869,10759,13.2,4.9,2.8,0.9,0.1,4051,9326,43.4,1094,2891,37.8,1563,1795,87.1,407,1857,2264,3990,721,121,1849,49.3,53.2
325,Donyell Marshall,957,25030,10716,11.2,1.4,6.7,0.8,0.9,4096,9410,43.5,902,2578,35,1622,2219,73.1,1898,4478,6376,1305,790,848,1292,48.3,51.6
326,Derek Fisher,"1,287",32713,10713,8.3,3.0,2.1,1.1,0.1,3720,9329,39.9,1248,3341,37.4,2025,2479,81.7,414,2244,2658,3804,1352,98,1473,46.6,51.4
329,Wes Unseld,984,35832,10624,10.8,3.9,7.2,0.6,0.4,4369,8586,50.9,3,6,50,1883,2976,63.3,2085,4974,13769,3822,628,367,579,50.9,53.7
330,Marvin Williams,"1,014",29030,10622,10.5,1.3,5.3,0.8,0.5,3809,8605,44.3,990,2738,36.2,2014,2497,80.7,1246,4117,5363,1313,788,547,988,50,54.7
331,Devin Harris,985,23961,10597,10.8,3.9,2.2,1.0,0.2,3486,8072,43.2,832,2558,32.5,2793,3507,79.6,290,1861,2151,3869,998,194,1682,48.3,55.1
337,Clar. Weatherspoon,915,27737,10483,11.5,1.5,7.5,1.0,0.9,4025,8537,47.1,10,51,19.6,2423,3261,74.3,2126,4720,6846,1346,880,794,1430,47.2,52.6
339,Cedric Maxwell,835,23769,10465,12.5,2.2,6.3,0.8,0.5,3433,6293,54.6,1,19,5.3,3598,4592,78.4,2108,3153,5261,1862,671,433,1841,54.6,62.9
340,Robert Reid,919,25109,10448,11.4,2.7,4.5,1.1,0.4,4443,9706,45.8,103,354,29.1,1459,1992,73.2,1167,3001,4168,2500,973,403,1319,46.3,49.4
344,Guy Rodgers,892,28663,10415,11.7,7.8,0.0,,,4125,10908,37.8,-,-,-,2165,3003,72.1,-,-,3791,6917,-,-,-,37.8,42.6
346,Wayne Embry,831,21763,10380,12.5,1.4,0.0,,,3993,9067,44,-,-,-,2394,3741,64,-,-,7544,1194,-,-,-,44,48.4
347,Sam Lacey,"1,002",31873,10303,10.3,3.7,6.9,1.0,1.2,4276,9693,44.1,3,16,18.8,1748,2369,73.8,1647,5226,9687,3754,999,1160,978,44.1,48
350,Derrick McKey,937,27226,10266,11.0,2.4,4.7,1.1,0.7,3908,8048,48.6,203,642,31.6,2247,2885,77.9,1515,2872,4387,2254,1072,611,1713,49.8,55.1
353,Leroy Ellis,"1,048",27520,10176,9.7,1.3,1.5,0.1,0.1,4143,9378,44.2,-,-,-,1890,2595,72.8,534,1060,8709,1405,146,151,-,44.2,48.4
358,Vern Fleming,893,24721,10125,11.3,4.8,3.4,1.0,0.1,3964,7954,49.8,38,210,18.1,2159,2826,76.4,979,2033,3012,4293,926,105,1795,50.1,55
365,Greg Ballard,802,22073,9953,12.4,2.2,6.1,1.1,0.3,4220,8942,47.2,93,275,33.8,1420,1805,78.7,1434,3424,4858,1733,877,256,1059,47.7,51.1
366,John Lucas,928,25556,9951,10.7,7.0,2.3,1.4,0.1,3905,8696,44.9,244,806,30.3,1897,2446,77.6,490,1661,2151,6454,1273,73,1803,46.3,50.9
367,Don Kojis,814,19241,9948,12.2,1.4,0.5,0.1,0.0,3947,8853,44.6,-,-,-,2054,2853,72,140,282,4555,1112,89,16,-,44.6,49.2
369,Jameer Nelson,878,24542,9940,11.3,5.1,3.0,0.9,0.1,3790,8692,43.6,1153,3134,36.8,1207,1491,81,426,2169,2595,4508,772,68,1831,50.2,53.2
370,Gerald Wallace,832,24732,9933,11.9,2.1,5.8,1.4,0.8,3516,7492,46.9,407,1303,31.2,2494,3517,70.9,1145,3693,4838,1725,1200,681,1486,49.6,54.9
377,P.J. Brown,"1,089",33826,9870,9.1,1.5,7.7,0.8,1.0,3852,8365,46,8,59,13.6,2158,2718,79.4,3002,5407,8409,1661,912,1116,1342,46.1,51.6
379,Toni Kukoc,846,22215,9810,11.6,3.7,4.2,1.0,0.3,3633,8127,44.7,731,2184,33.5,1813,2487,72.9,1016,2539,3555,3119,817,290,1544,49.2,53.2
380,Hot Rod Williams,887,26328,9784,11.0,1.8,6.8,0.8,1.6,3688,7681,48,2,19,10.5,2406,3315,72.6,2070,3928,5998,1592,746,1456,1208,48,53.5
381,Tyrone Corbin,"1,065",27659,9766,9.2,1.8,4.7,1.2,0.3,3918,8584,45.6,198,663,29.9,1732,2191,79.1,1726,3320,5046,1894,1228,270,1310,46.8,51.1
384,Brad Miller,868,24537,9724,11.2,2.8,7.1,0.7,0.7,3446,7174,48,201,610,33,2631,3273,80.4,1708,4491,6199,2470,639,592,1367,49.4,56.4
387,Anthony Mason,882,30601,9656,10.9,3.4,8.3,0.7,0.3,3583,7033,50.9,2,12,16.7,2488,3511,70.9,1912,5367,7279,2963,648,244,1549,51,56.3
389,Kirk Hinrich,879,27019,9594,10.9,4.8,2.9,1.1,0.3,3503,8522,41.1,1172,3122,37.5,1416,1770,80,310,2266,2576,4245,972,243,1617,48,51.6
390,Grant Long,"1,003",28518,9518,9.5,1.7,6.1,1.2,0.4,3472,7440,46.7,83,293,28.3,2491,3272,76.1,2168,3986,6154,1716,1199,366,1628,47.2,53.6
391,Tyson Chandler,"1,134",31403,9475,8.4,0.8,9.2,0.6,1.2,3544,5946,59.6,0,11,0,2387,3701,64.5,3504,6897,10401,961,624,1327,1648,59.6,62.5
392,Rodney Rogers,866,21866,9468,10.9,2.0,4.5,1.0,0.5,3608,7994,45.1,690,1986,34.7,1562,2264,69,1275,2606,3881,1722,868,451,1631,49.4,52.7
393,Tim Thomas,824,21344,9454,11.5,1.5,4.1,0.7,0.4,3458,7922,43.7,962,2609,36.9,1576,2079,75.8,807,2572,3379,1272,609,300,1217,49.7,53.5
398,Doc Rivers,864,23568,9377,10.9,5.7,3.0,1.8,0.4,3295,7416,44.4,361,1101,32.8,2426,3093,78.4,634,1991,2625,4889,1563,351,1651,46.9,53.4
399,Jarrett Jack,867,24140,9349,10.8,4.6,2.9,0.8,0.1,3374,7673,44,620,1809,34.3,1981,2316,85.5,277,2210,2487,3952,683,107,1723,48,53.8
401,Sedale Threatt,951,22437,9327,9.8,3.8,1.8,1.2,0.1,3914,8075,48.5,188,642,29.3,1311,1608,81.5,371,1338,1709,3613,1138,136,1296,49.6,53.1
403,Doug Christie,827,26074,9301,11.2,3.6,4.1,1.9,0.5,3238,7604,42.6,805,2272,35.4,2020,2460,82.1,797,2585,3382,2992,1555,392,1721,47.9,53.5
405,Joe Graboski,845,22665,9280,11.0,1.8,0.0,,,3433,9763,35.2,-,-,-,2414,3447,70,-,-,5999,1502,-,-,-,35.2,41.1
407,Marcus Camby,973,28680,9262,9.5,1.9,9.8,1.0,2.4,3767,8077,46.6,18,88,20.5,1710,2551,67,2611,6902,9513,1837,967,2331,1362,46.8,50.3
409,Benoit Benjamin,807,21910,9223,11.4,1.3,7.5,0.6,2.0,3588,7224,49.7,1,21,4.8,2046,2837,72.1,1459,4604,6063,1070,522,1581,1847,49.7,54.4
413,Antoine Carr,987,19783,9176,9.3,1.1,3.4,0.4,0.9,3663,7286,50.3,6,46,13,1844,2364,78,1151,2233,3384,1086,361,925,1187,50.3,55.1
415,Corliss Williamson,822,18745,9147,11.1,1.2,3.9,0.6,0.3,3603,7355,49,6,44,13.6,1935,2710,71.4,1214,1969,3183,972,462,261,1316,49,53.5
416,Boris Diaw,"1,064",28769,9139,8.6,3.5,4.4,0.6,0.5,3805,7711,49.3,475,1413,33.6,1054,1470,71.7,1258,3376,4634,3684,648,510,1897,52.4,54.7
422,Antonio Davis,903,26082,9041,10.0,1.1,7.5,0.5,1.0,3187,7120,44.8,2,23,8.7,2665,3668,72.7,2323,4432,6755,1017,430,889,1346,44.8,51.8
424,Leandro Barbosa,850,18384,9035,10.6,2.1,2.0,0.8,0.1,3403,7409,45.9,988,2556,38.7,1241,1511,82.1,319,1401,1720,1775,693,121,1061,52.6,56
428,Kurt Thomas,"1,110",27160,8973,8.1,1.1,6.6,0.7,0.8,3836,7894,48.6,9,32,28.1,1292,1701,76,1922,5406,7328,1204,724,841,1241,48.7,51.9
429,Rick Fox,930,23720,8966,9.6,2.8,3.8,1.0,0.4,3382,7519,45,771,2208,34.9,1431,1858,77,996,2521,3517,2649,967,355,1611,50.1,53.8
433,Dana Barros,850,19479,8901,10.5,3.3,1.9,0.9,0.1,3281,7140,46,1090,2652,41.1,1249,1456,85.8,232,1377,1609,2837,740,46,1213,53.6,57.2
435,Rickey Green,946,23271,8870,9.4,5.5,1.9,1.4,0.1,3594,7669,46.9,39,188,20.7,1643,2035,80.7,474,1345,1819,5221,1348,51,1583,47.1,51.8
436,Terry Tyler,871,21742,8868,10.2,1.2,5.4,0.9,1.5,3831,7915,48.4,10,82,12.2,1196,1702,70.3,1609,3066,4675,1039,801,1342,1140,48.5,51.2
439,Avery Johnson,"1,054",26618,8817,8.4,5.5,1.7,1.0,0.1,3622,7564,47.9,27,186,14.5,1546,2190,70.6,379,1372,1751,5846,1007,154,1748,48.1,51.7
440,Dan Schayes,"1,138",21976,8780,7.7,1.1,5.0,0.5,0.7,2994,6228,48.1,4,30,13.3,2788,3461,80.6,1819,3852,5671,1299,560,840,1572,48.1,56.6
443,Thomas Sanders,916,22164,8766,9.6,1.1,0.0,,,3416,7988,42.8,-,-,-,1934,2520,76.7,-,-,5798,1026,-,-,-,42.8,48.2
452,Dale Davis,"1,094",29606,8706,8.0,0.9,7.9,0.6,1.2,3592,6779,53,0,8,0,1522,2708,56.2,3303,5302,8605,978,691,1270,1090,53,54.6
455,Sam Mitchell,994,22261,8636,8.7,1.1,3.7,0.6,0.3,3220,7206,44.7,65,292,22.3,2131,2719,78.4,1251,2460,3711,1089,548,301,838,45.1,51.4
458,Rajon Rondo,825,26119,8567,10.4,8.5,4.8,1.7,0.1,3586,7797,46,341,1082,31.5,1054,1742,60.5,854,3135,3989,6975,1411,113,2348,48.2,50
463,Brent Barry,912,23640,8488,9.3,3.2,3.0,1.0,0.3,2896,6301,46,1395,3442,40.5,1301,1581,82.3,450,2330,2780,2892,955,253,1289,57,60.7
466,David Greenwood,823,23370,8428,10.2,2.0,7.9,0.7,0.9,3251,6812,47.7,4,29,13.8,1922,2514,76.5,1921,4616,6537,1614,583,739,1474,47.8,53.2
469,Shane Battier,977,30004,8408,8.6,1.8,4.2,1.0,0.9,2982,6819,43.7,1250,3254,38.4,1194,1606,74.3,1273,2809,4082,1717,988,906,878,52.9,55.9
474,John Salmons,895,23672,8292,9.3,2.4,2.9,0.8,0.3,3007,6979,43.1,726,1986,36.6,1552,1942,79.9,435,2168,2603,2183,756,239,1185,48.3,52.9
476,Michael Cage,"1,140",29710,8278,7.3,0.9,7.6,0.9,0.6,3317,6445,51.5,0,25,0,1644,2476,66.4,3227,5419,8646,1057,1050,725,1161,51.5,54.9
478,Olden Polynice,"1,058",24880,8265,7.8,0.7,6.7,0.5,0.6,3557,7037,50.5,5,26,19.2,1146,2141,53.5,2730,4380,7110,744,516,651,1170,50.6,51.8
484,James Donaldson,957,26222,8203,8.6,0.8,7.8,0.4,1.3,3105,5442,57.1,0,0,0,1993,2722,73.2,2060,5432,7492,765,336,1267,1454,57.1,61.8
492,Mark Olberding,865,21637,8145,9.4,2.5,5.2,0.7,0.3,2824,5750,49.1,5,41,12.2,2492,3074,81.1,1238,3265,4503,2190,573,235,1509,49.2,57.3
498,Spud Webb,814,20288,8072,9.9,5.3,2.1,1.1,0.1,2903,6421,45.2,320,1018,31.4,1946,2296,84.8,324,1418,1742,4342,922,110,1623,47.7,54.3
500,CJ Miles,838,17121,8044,9.6,1.1,2.4,0.7,0.3,2864,6957,41.2,1239,3452,35.9,1077,1330,81,359,1640,1999,902,591,250,720,50.1,53.3
503,Anthony Peeler,827,20463,8017,9.7,2.4,2.6,0.9,0.2,3101,7255,42.7,940,2445,38.4,875,1095,79.9,564,1572,2136,1956,775,138,1019,49.2,51.8
504,Marco Belinelli,803,18664,8009,10.0,1.7,2.1,0.6,0.1,2826,6645,42.5,1149,3052,37.6,1208,1427,84.7,180,1490,1670,1360,476,64,831,51.2,55.1
508,Stacey Augmon,"1,001",21659,7990,8.0,1.6,3.2,1.0,0.3,3037,6480,46.9,12,79,15.2,1904,2616,72.8,1304,1912,3216,1561,974,317,1248,47,52.4
511,Lindsey Hunter,937,23249,7956,8.5,2.7,2.2,1.2,0.2,2970,7663,38.8,1075,2984,36,941,1261,74.6,438,1583,2021,2506,1120,165,1159,45.8,48.4
512,Marcin Gortat,806,20689,7951,9.9,1.1,7.9,0.5,1.1,3401,6168,55.1,3,20,15,1146,1686,68,1759,4648,6407,915,383,885,958,55.2,57.5
515,D.J. Augustin,807,19419,7928,9.8,4.0,1.9,0.6,0.0,2581,6244,41.3,1041,2729,38.1,1725,1999,86.3,239,1282,1521,3204,488,29,1221,49.7,55.6
516,Jose Calderon,895,23643,7921,8.9,5.8,2.4,0.8,0.1,3038,6440,47.2,920,2260,40.7,925,1060,87.3,303,1845,2148,5148,716,71,1339,54.3,57.3
521,Brad Davis,961,22302,7866,8.2,4.9,1.8,0.8,0.2,2970,5820,51,270,841,32.1,1656,2001,82.8,301,1437,1738,4709,756,146,1377,53.4,58.7
523,DeAndre Jordan,819,23091,7836,9.6,0.9,10.9,0.6,1.6,3146,4698,67,1,11,9.1,1543,3309,46.6,2660,6230,8890,713,490,1349,1135,67,63.7
524,Calbert Cheaney,825,22012,7826,9.5,1.7,3.2,0.8,0.2,3366,7227,46.6,204,684,29.8,890,1288,69.1,732,1878,2610,1398,659,198,994,48,50.2
527,LaSalle Thompson,985,21236,7806,7.9,1.2,6.8,0.8,1.0,3136,6376,49.2,4,26,15.4,1530,2075,73.7,2123,4566,6689,1139,741,972,1646,49.2,53.5
529,Channing Frye,890,19772,7786,8.7,1.0,4.5,0.5,0.6,2931,6655,44,1049,2706,38.8,875,1064,82.2,767,3235,4002,864,457,540,787,51.9,54.7
531,Wayne Cooper,984,20274,7777,7.9,0.9,6.2,0.3,1.6,3242,7100,45.7,7,48,14.6,1286,1747,73.6,2149,3946,6095,852,295,1535,1181,45.7,49.4
532,Gerald Henderson,871,18856,7773,8.9,3.6,1.7,1.1,0.1,3079,6526,47.2,203,611,33.2,1412,1820,77.6,526,927,1453,3141,939,99,1561,48.7,53
535,Rick Mahorn,"1,117",25778,7763,6.9,1.0,6.2,0.6,0.9,3098,6286,49.3,5,38,13.2,1562,2218,70.4,1814,5143,6957,1082,633,1007,1456,49.3,53.5
536,Luke Ridnour,830,21624,7740,9.3,4.5,2.3,1.0,0.2,2933,6803,43.1,584,1674,34.9,1290,1496,86.2,363,1514,1877,3713,814,161,1349,47.4,51.9
537,Michael Cooper,873,23635,7729,8.9,4.2,3.2,1.2,0.6,3014,6429,46.9,428,1260,34,1273,1529,83.3,741,2028,2769,3666,1033,523,1429,50.2,54.4
539,Robert Horry,"1,107",27069,7715,7.0,2.1,4.8,1.0,0.9,2820,6643,42.5,795,2329,34.1,1280,1762,72.6,1644,3625,5269,2343,1158,1035,1378,48.4,52
540,Darrell Armstrong,840,19917,7712,9.2,4.0,2.7,1.3,0.1,2663,6507,40.9,923,2763,33.4,1463,1679,87.1,654,1615,2269,3394,1133,98,1556,48,53.2
550,Dave Corzine,891,20772,7615,8.5,1.7,5.9,0.4,1.0,3097,6401,48.4,10,53,18.9,1411,1889,74.7,1747,3515,5262,1477,369,848,1340,48.5,52.6
551,Matt Barnes,929,21965,7589,8.2,1.8,4.6,0.8,0.5,2788,6388,43.6,982,2931,33.5,1031,1384,74.5,1066,3215,4281,1691,714,444,1172,51.3,54.2
555,Rory Sparrow,836,22550,7557,9.0,5.0,2.1,1.0,0.1,3264,7008,46.6,101,389,26,928,1164,79.7,441,1314,1755,4192,828,103,1534,47.3,50.2
558,Tyrone Hill,801,22386,7532,9.4,0.8,8.6,0.8,0.5,2834,5643,50.2,0,13,0,1864,2901,64.3,2396,4458,6854,647,614,379,1244,50.2,54.4
560,Craig Ehlo,873,21062,7492,8.6,2.8,3.6,1.1,0.3,2977,6579,45.3,621,1684,36.9,917,1330,68.9,996,2143,3139,2456,989,232,1225,50,52.3
564,James Posey,864,23263,7419,8.6,1.6,4.7,1.1,0.3,2495,6091,41,1035,2967,34.9,1394,1701,82,755,3306,4061,1413,917,298,981,49.5,54.2
565,Zaza Pachulia,"1,098",22235,7414,6.8,1.3,5.8,0.7,0.3,2608,5559,46.9,0,31,0,2198,2927,75.1,2362,3953,6315,1433,768,378,1444,46.9,54.1
579,Erick Dampier,987,23999,7309,7.4,0.8,7.1,0.3,1.4,2784,5595,49.8,2,16,12.5,1739,2779,62.6,2723,4282,7005,817,330,1398,1435,49.8,53.6
587,J.J. Barea,802,15837,7193,9.0,3.9,2.1,0.4,0.0,2747,6478,42.4,787,2245,35.1,912,1152,79.2,243,1452,1695,3158,326,22,1226,48.5,51.5
598,Corey Brewer,814,18738,7092,8.7,1.5,2.8,1.3,0.3,2682,6310,42.5,503,1773,28.4,1225,1717,71.3,611,1668,2279,1248,1019,222,948,46.5,50.2
612,Beno Udrih,831,18184,6952,8.4,3.4,2.1,0.7,0.1,2740,5922,46.3,465,1334,34.9,1007,1209,83.3,308,1404,1712,2858,576,71,1179,50.2,53.9
620,Muggsy Bogues,889,25426,6858,7.7,7.6,2.6,1.5,0.0,2845,6210,45.8,106,381,27.8,1062,1284,82.7,534,1784,2318,6726,1369,39,1433,46.7,50.6
624,Samuel Dalembert,886,21646,6814,7.7,0.5,7.8,0.5,1.7,2810,5393,52.1,1,12,8.3,1193,1689,70.6,2289,4653,6942,465,437,1546,1271,52.1,55.5
633,Shawn Bradley,832,19531,6752,8.1,0.7,6.3,0.6,2.5,2713,5935,45.7,4,39,10.3,1322,1847,71.6,1743,3525,5268,573,532,2119,1059,45.7,50
638,Dennis Rodman,911,28842,6683,7.3,1.8,13.1,0.7,0.6,2766,5310,52.1,82,355,23.1,1069,1832,58.4,4329,7625,11954,1600,611,531,1484,52.9,54.6
640,Bryon Russell,841,19806,6663,7.9,1.3,3.5,1.0,0.2,2274,5272,43.1,685,1856,36.9,1430,1906,75,752,2162,2914,1085,874,203,835,49.6,54.5
641,Tony Allen,820,18053,6654,8.1,1.3,3.5,1.4,0.4,2588,5447,47.5,125,444,28.2,1353,1909,70.9,1021,1863,2884,1077,1158,337,1118,48.7,52.9
643,Bimbo Coles,852,20317,6628,7.8,3.9,2.1,0.9,0.2,2549,5991,42.5,252,943,26.7,1278,1576,81.1,469,1351,1820,3313,735,134,1267,44.7,49.6
644,Antonio Daniels,872,19673,6623,7.6,3.4,1.8,0.6,0.1,2270,5109,44.4,359,1154,31.1,1724,2173,79.3,219,1394,1613,2934,564,85,928,47.9,54.6
648,Caldwell Jones,"1,068",26474,6589,6.2,1.3,7.2,0.4,1.4,2554,5395,47.3,2,31,6.5,1479,1965,75.3,2042,5621,7663,1347,480,1517,1596,47.4,52.6
650,Jared Dudley,847,19673,6559,7.7,1.6,3.3,0.8,0.2,2382,5128,46.5,863,2199,39.2,932,1274,73.2,795,1981,2776,1362,694,163,753,54.9,57.7
651,Brian Shaw,943,21668,6547,6.9,4.2,3.4,0.8,0.3,2589,6419,40.3,431,1416,30.4,938,1199,78.2,773,2410,3183,3918,747,252,1664,43.7,47.1
655,Udonis Haslem,854,21522,6511,7.6,0.9,6.7,0.5,0.3,2639,5389,49,4,55,7.3,1229,1627,75.5,1606,4132,5738,728,422,249,803,49,53.3
658,Danny Ferry,917,18132,6439,7.0,1.3,2.8,0.4,0.3,2505,5615,44.6,677,1724,39.3,752,895,84,647,1903,2550,1185,384,292,811,50.6,53.6
666,Alton Lister,953,18964,6298,6.6,1.0,6.3,0.4,1.5,2514,4907,51.2,1,9,11.1,1269,2126,59.7,1844,4152,5996,914,351,1473,1450,51.2,53.9
670,Mark West,"1,090",20215,6259,5.7,0.4,4.9,0.3,1.3,2528,4356,58,0,4,0,1203,2117,56.8,1785,3562,5347,428,326,1403,1208,58,59.2
672,Ben Wallace,"1,088",32084,6254,5.7,1.3,9.6,1.3,2.0,2569,5421,47.4,7,51,13.7,1109,2679,41.4,3444,7038,10482,1437,1369,2137,1061,47.5,47.4
674,Tree Rollins,"1,156",24028,6249,5.4,0.6,5.8,0.4,2.2,2592,4963,52.2,0,7,0,1065,1522,70,2148,4602,6750,660,512,2542,1057,52.2,55.5
680,Rich Kelley,814,17711,6199,7.6,2.6,7.0,0.9,0.9,2166,4435,48.8,0,10,0,1867,2384,78.3,1872,3806,5678,2092,694,749,1576,48.8,56.5
687,Amir Johnson,870,18322,6102,7.0,1.2,5.4,0.6,1.0,2558,4490,57,107,322,33.2,879,1307,67.3,1723,2969,4692,1073,524,839,932,58.2,60.2
688,Rasual Butler,809,17220,6092,7.5,0.8,2.4,0.4,0.5,2293,5686,40.3,911,2520,36.2,595,796,74.7,297,1637,1934,658,288,408,528,48.3,50.5
698,Fred Roberts,818,14703,5962,7.3,1.2,2.8,0.5,0.3,2257,4496,50.2,51,157,32.5,1397,1754,79.6,834,1474,2308,977,412,253,969,50.8,56.6
705,DeShawn Stevenson,824,18395,5930,7.2,1.6,2.2,0.5,0.2,2238,5515,40.6,550,1617,34,904,1296,69.8,410,1422,1832,1355,423,134,814,45.6,48.7
711,Larry Smith,883,22879,5904,6.7,1.1,9.2,0.8,0.5,2519,4743,53.1,0,7,0,866,1630,53.1,3401,4724,8125,941,699,457,1280,53.1,54.1
715,Cliff Levingston,830,16962,5888,7.1,0.9,5.2,0.6,0.7,2333,4524,51.6,5,33,15.2,1217,1800,67.6,1772,2535,4307,752,534,593,829,51.6,55.4
725,Nazr Mohammed,"1,005",15891,5827,5.8,0.4,4.7,0.4,0.6,2402,4939,48.6,0,8,0,1023,1599,64,1808,2900,4708,375,432,639,919,48.6,51.6
728,Theo Ratliff,810,20500,5809,7.2,0.6,5.7,0.5,2.4,2207,4451,49.6,0,2,0,1395,1965,71,1543,3053,4596,465,393,1968,1001,49.6,54.6
730,Eric Snow,846,23123,5791,6.8,5.0,2.5,1.2,0.1,2144,5054,42.4,55,265,20.8,1448,1897,76.3,419,1722,2141,4245,975,105,1391,43,49.2
732,Lucious Harris,800,15704,5784,7.2,1.4,2.3,0.7,0.1,2194,5151,42.6,402,1155,34.8,994,1258,79,554,1310,1864,1130,556,86,594,46.5,50.7
739,Darrall Imhoff,801,17874,5759,7.2,1.8,0.0,,,2299,5016,45.8,-,-,-,1161,1954,59.4,-,-,6099,1405,-,-,-,45.8,49
746,Steve Blake,870,20821,5662,6.5,4.0,2.1,0.7,0.1,2061,5145,40.1,1037,2709,38.3,503,646,77.9,250,1566,1816,3446,587,63,1222,50.1,52.1
757,Earl Watson,878,19493,5593,6.4,4.4,2.3,1.0,0.2,2112,5139,41.1,502,1551,32.4,867,1233,70.3,462,1523,1985,3871,873,176,1548,46,49.2
769,Brendan Haywood,816,18679,5538,6.8,0.5,6.0,0.4,1.4,2110,3999,52.8,0,4,0,1318,2246,58.7,2081,2794,4875,442,320,1109,851,52.8,55.5
772,Rasho Nesterovic,811,17983,5519,6.8,1.0,5.1,0.4,1.2,2570,5121,50.2,1,13,7.7,378,646,58.5,1513,2630,4143,836,330,934,748,50.2,51.1
776,Steve Kerr,910,16203,5437,6.0,1.8,1.2,0.5,0.1,2042,4263,47.9,726,1599,45.4,627,726,86.4,186,874,1060,1658,476,46,504,56.4,59.3
780,Phil Jackson,807,14201,5428,6.7,1.1,2.4,0.3,0.2,2076,4583,45.3,0,2,0,1276,1734,73.6,515,1447,3454,898,281,199,134,45.3,50.8
792,Nick Collison,910,18600,5359,5.9,1.0,5.2,0.5,0.5,2212,4146,53.4,21,101,20.8,914,1265,72.3,1766,2935,4701,939,446,469,878,53.6,57
794,Kris Humphries,800,14232,5350,6.7,0.7,5.4,0.4,0.6,2078,4486,46.3,55,188,29.3,1139,1626,70,1387,2927,4314,556,326,454,691,46.9,51.4
803,Bruce Bowen,873,24053,5290,6.1,1.2,2.8,0.8,0.4,1945,4761,40.9,818,2082,39.3,582,1013,57.5,469,1959,2428,1089,712,336,646,49.4,50.8
811,Shaun Livingston,833,17188,5231,6.3,3.0,2.4,0.7,0.4,2149,4419,48.6,13,73,17.8,920,1159,79.4,491,1498,1989,2483,586,311,1034,48.8,53.1
813,Mark Eaton,875,25169,5216,6.0,1.0,7.9,0.4,3.5,2072,4526,45.8,0,2,0,1072,1653,64.9,1857,5082,6939,840,368,3064,1293,45.8,49.6
838,Tony Battie,837,17650,5082,6.1,0.6,5.1,0.5,0.9,2143,4387,48.8,12,74,16.2,784,1137,69,1376,2911,4287,522,420,713,704,49,52
846,T.R. Dunn,993,23080,5033,5.1,1.6,4.4,1.3,0.3,2030,4443,45.7,1,20,5,972,1341,72.5,1729,2642,4371,1631,1316,252,815,45.7,50
850,Malik Rose,813,13404,5003,6.2,0.8,4.1,0.6,0.4,1792,4104,43.7,14,79,17.7,1405,1892,74.3,1166,2205,3371,684,487,293,1059,43.8,50.7
854,Bo Outlaw,914,20742,4970,5.4,1.6,4.9,0.9,1.3,2005,3534,56.7,3,38,7.9,957,1837,52.1,1685,2752,4437,1441,855,1193,1056,56.8,57.2
868,Thabo Sefolosha,828,18626,4902,5.9,1.4,3.8,1.1,0.4,1879,4173,45,498,1414,35.2,646,879,73.5,605,2554,3159,1171,911,354,740,51,53.8
886,Jon Barry,821,13880,4715,5.7,2.2,1.8,0.9,0.1,1595,3672,43.4,657,1676,39.2,868,1023,84.8,318,1195,1513,1784,722,111,808,52.4,57.2
890,Joe Kleine,965,14712,4666,4.8,0.6,4.1,0.3,0.3,1902,4201,45.3,13,48,27.1,849,1069,79.4,1268,2723,3991,622,261,285,777,45.4,49.9
902,Kurt Rambis,880,16299,4603,5.2,1.1,5.6,0.9,0.5,1802,3376,53.4,0,14,0,999,1450,68.9,1640,3321,4961,931,761,456,1033,53.4,57.3
936,George Johnson,904,18102,4369,4.8,1.0,6.4,0.5,2.3,1802,3995,45.1,1,2,50,764,1101,69.4,1960,3789,5887,929,456,2082,872,45.1,48.8
1069,Chris Dudley,886,16322,3473,3.9,0.4,6.2,0.4,1.2,1391,3380,41.2,0,5,0,691,1508,45.8,2234,3223,5457,375,334,1027,740,41.2,42.9
1069,Ervin Johnson,845,16992,3473,4.1,0.5,6.1,0.6,1.3,1393,2756,50.5,2,10,20,685,1133,60.5,1677,3471,5148,387,471,1087,724,50.6,53.4
1095,Reggie Evans,809,15572,3289,4.1,0.6,7.1,0.7,0.1,1107,2379,46.5,1,11,9.1,1074,2036,52.8,1984,3781,5765,458,566,115,897,46.6,50.2